{"FeelingIrie59.4058faab702cf181.87559682.png":88,"BankRoll149.9958faac7b92e0d0.30199932.png":18,"That'sNotMe49.9958faabd430de57.32366873.png":27,"GoodDrank4058faac18c5ce63.92165330.png":132,"GhettoGospel99.9958faaad3ddddc8.32754416.png":21,"MoCarter99.9958ff79bfd241f5.10679835.png":25}